Workbook

Sheet Задание_1
A1: Фамилия | B1: Дата рождения | C1: Отдел | D1: Должность | E1: Оклад (руб)
A2: Ядрина | B2: 29500 | C2: ОГК | D2: Конструктор | E2: 69148
C3: ОГК Итог | E3: =SUBTOTAL(9,E2:E2) -> 69148
C4: Конструктор Количество | D4: =SUBTOTAL(3,D2:D2) -> 1
A5: Гудков | B5: 28567 | C5: ОГК | D5: Инженер | E5: 57911
C6: ОГК Итог | E6: =SUBTOTAL(9,E5:E5) -> 57911
C7: Инженер Количество | D7: =SUBTOTAL(3,D5:D5) -> 1
A8: Радостин | B8: 26783 | C8: ОГМ | D8: Механик | E8: 67911
A9: Пронин | B9: 30934 | C9: ОГМ | D9: Механик | E9: 52688
A10: Аверин | B10: 27544 | C10: ОГМ | D10: Механик | E10: 58228
C11: ОГМ Итог | E11: =SUBTOTAL(9,E8:E10) -> 178827
C12: Механик Количество | D12: =SUBTOTAL(3,D8:D10) -> 3
A13: Воронин | B13: 28564 | C13: ОГЭ | D13: Электрик | E13: 52911
A14: Кришин | B14: 28435 | C14: ОГЭ | D14: Электрик | E14: 48228
C15: ОГЭ Итог | E15: =SUBTOTAL(9,E13:E14) -> 101139
C16: Электрик Количество | D16: =SUBTOTAL(3,D13:D14) -> 2
A17: Градова | B17: 29438 | C17: ОГЭ | D17: Контролер | E17: 39148
C18: ОГЭ Итог | E18: =SUBTOTAL(9,E17:E17) -> 39148
C19: Контролер Количество | D19: =SUBTOTAL(3,D17:D17) -> 1
A20: Пестова | B20: 29790 | C20: ОК | D20: Бухгалтер | E20: 42888
C21: ОК Итог | E21: =SUBTOTAL(9,E20:E20) -> 42888
C22: Бухгалтер Количество | D22: =SUBTOTAL(3,D20:D20) -> 1
A23: Парадова | B23: 29572 | C23: ОК | D23: Инспектор | E23: 38228
C24: ОК Итог | E24: =SUBTOTAL(9,E23:E23) -> 38228
C25: Инспектор Количество | D25: =SUBTOTAL(3,D23:D23) -> 1
C26: Общий итог | E26: =SUBTOTAL(9,E2:E23) -> 527289
C27: Общее количество | D27: =SUBTOTAL(3,D2:D23) -> 10

Sheet Задание_2
A1: Фамилия | B1: Дата рождения | C1: Отдел | D1: Должность | E1: Оклад (руб) | F1: Пол | G1: Возраст на 01.01.2020 | H1: Кол-во детей | K1: Дата
A2: Пестова | B2: 29790 | C2: ОК | D2: Бухгалтер | E2: 42888 | F2: Ж | G2: =DATEDIF(B2,$K$2,"y") -> 38 | H2: 2 | K2: 43831
A3: Парадова | B3: 29572 | C3: ОК | D3: Инспектор | E3: 38228 | F3: Ж | G3: =DATEDIF(B3,$K$2,"y") -> 39 | H3: 1
A4: Воронин | B4: 28564 | C4: ОГЭ | D4: Электрик | E4: 52911 | F4: М | G4: =DATEDIF(B4,$K$2,"y") -> 41 | H4: 4
A5: Кришин | B5: 28435 | C5: ОГЭ | D5: Электрик | E5: 48228 | F5: М | G5: =DATEDIF(B5,$K$2,"y") -> 42 | H5: 1
A6: Градова | B6: 29438 | C6: ОГЭ | D6: Контролер | E6: 39148 | F6: Ж | G6: =DATEDIF(B6,$K$2,"y") -> 39 | H6: 2
A7: Радостин | B7: 26783 | C7: ОГМ | D7: Механик | E7: 67911 | F7: М | G7: =DATEDIF(B7,$K$2,"y") -> 46 | H7: 1
A8: Пронин | B8: 30934 | C8: ОГМ | D8: Механик | E8: 52688 | F8: М | G8: =DATEDIF(B8,$K$2,"y") -> 35 | H8: 1
A9: Аверин | B9: 27544 | C9: ОГМ | D9: Механик | E9: 58228 | F9: М | G9: =DATEDIF(B9,$K$2,"y") -> 44 | H9: 5
A10: Ядрина | B10: 29500 | C10: ОГК | D10: Конструктор | E10: 69148 | F10: Ж | G10: =DATEDIF(B10,$K$2,"y") -> 39 | H10: 3
A11: Гудков | B11: 28567 | C11: ОГК | D11: Инженер | E11: 57911 | F11: М | G11: =DATEDIF(B11,$K$2,"y") -> 41 | H11: 0
A14: 1. | C14: 2. | E14: 3.
A15: Возраст на 01.01.2020 | C15: Отдел | E15: Пол
A16: >= 40 | C16: ОГЭ | E16: Ж
C17: ОГК
A18: =DAVERAGE(A1:H11,E1,A15:A16) -> 57037.8 | C18: =DMAX(A1:H11,E1,C15:C17) -> 69148 | E18: =DSUM(A1:H11,H1,E15:E16) -> 8

Sheet Задание_3.1
C1: Количество | D1: Стоимость
B2: Тои_7 | C2: =Склад1!$B$2 -> 5 | D2: =Склад1!$C$2 -> 615
B3: Тои_7 | C3: =Склад2!$B$2 -> 55 | D3: =Склад2!$C$2 -> 11000
B4: Тои_7 | C4: =Склад3!$B$2 -> 120 | D4: =Склад3!$C$2 -> 12000
A5: Кепка с котом | C5: =SUM(C2:C4) -> 180 | D5: =SUM(D2:D4) -> 23615
B6: Тои_7 | C6: =Склад1!$B$3 -> 56 | D6: =Склад1!$C$3 -> 25200
B7: Тои_7 | C7: =Склад2!$B$3 -> 15 | D7: =Склад2!$C$3 -> 9000
B8: Тои_7 | C8: =Склад3!$B$3 -> 98 | D8: =Склад3!$C$3 -> 19600
A9: Футболка с обезьянкой | C9: =SUM(C6:C8) -> 169 | D9: =SUM(D6:D8) -> 53800
B10: Тои_7 | C10: =Склад1!$B$4 -> 24 | D10: =Склад1!$C$4 -> 13200
B11: Тои_7 | C11: =Склад2!$B$4 -> 28 | D11: =Склад2!$C$4 -> 19600
B12: Тои_7 | C12: =Склад3!$B$4 -> 76 | D12: =Склад3!$C$4 -> 19000
A13: Футболка с машинкой | C13: =SUM(C10:C12) -> 128 | D13: =SUM(D10:D12) -> 51800
B14: Тои_7 | C14: =Склад1!$B$5 -> 14 | D14: =Склад1!$C$5 -> 7140
B15: Тои_7 | C15: =Склад2!$B$5 -> 45 | D15: =Склад2!$C$5 -> 31500
B16: Тои_7 | C16: =Склад3!$B$5 -> 54 | D16: =Склад3!$C$5 -> 162000
A17: Толстовка с сердечком | C17: =SUM(C14:C16) -> 113 | D17: =SUM(D14:D16) -> 200640
B18: Тои_7 | C18: =Склад1!$B$6 -> 83 | D18: =Склад1!$C$6 -> 42496
B19: Тои_7 | C19: =Склад2!$B$6 -> 56 | D19: =Склад2!$C$6 -> 57344
B20: Тои_7 | C20: =Склад3!$B$6 -> 49 | D20: =Склад3!$C$6 -> 200704
A21: Свитер для гиков | C21: =SUM(C18:C20) -> 188 | D21: =SUM(D18:D20) -> 300544
B22: Тои_7 | C22: =Склад1!$B$7 -> 11 | D22: =Склад1!$C$7 -> 4400
B23: Тои_7 | C23: =Склад2!$B$7 -> 99 | D23: =Склад2!$C$7 -> 89100
B24: Тои_7 | C24: =Склад3!$B$7 -> 69 | D24: =Склад3!$C$7 -> 3450
A25: Баксетбольная майка | C25: =SUM(C22:C24) -> 179 | D25: =SUM(D22:D24) -> 96950

Sheet Задание_3.2
A1: Наимненование Товара | B1: Количество | C1: Стоимость
B2: ='Склад_1-3'!$B$2 -> 5 | C2: ='Склад_1-3'!$C$2 -> 615
B3: ='Склад_1-3'!$G$2 -> 55 | C3: ='Склад_1-3'!$H$2 -> 11000
B4: ='Склад_1-3'!$K$2 -> 120 | C4: ='Склад_1-3'!$L$2 -> 12000
B5: =SUM(B2:B4) -> 180 | C5: =SUM(C2:C4) -> 23615
B6: ='Склад_1-3'!$B$3 -> 56 | C6: ='Склад_1-3'!$C$3 -> 25200
B7: ='Склад_1-3'!$G$3 -> 15 | C7: ='Склад_1-3'!$H$3 -> 9000
B8: ='Склад_1-3'!$K$3 -> 98 | C8: ='Склад_1-3'!$L$3 -> 19600
B9: =SUM(B6:B8) -> 169 | C9: =SUM(C6:C8) -> 53800
B10: ='Склад_1-3'!$B$4 -> 24 | C10: ='Склад_1-3'!$C$4 -> 13200
B11: ='Склад_1-3'!$G$4 -> 28 | C11: ='Склад_1-3'!$H$4 -> 19600
B12: ='Склад_1-3'!$K$4 -> 76 | C12: ='Склад_1-3'!$L$4 -> 19000
B13: =SUM(B10:B12) -> 128 | C13: =SUM(C10:C12) -> 51800
B14: ='Склад_1-3'!$B$5 -> 14 | C14: ='Склад_1-3'!$C$5 -> 7140
B15: ='Склад_1-3'!$G$5 -> 45 | C15: ='Склад_1-3'!$H$5 -> 31500
B16: ='Склад_1-3'!$K$5 -> 54 | C16: ='Склад_1-3'!$L$5 -> 162000
B17: =SUM(B14:B16) -> 113 | C17: =SUM(C14:C16) -> 200640
B18: ='Склад_1-3'!$B$6 -> 83 | C18: ='Склад_1-3'!$C$6 -> 42496
B19: ='Склад_1-3'!$G$6 -> 56 | C19: ='Склад_1-3'!$H$6 -> 57344
B20: ='Склад_1-3'!$K$6 -> 49 | C20: ='Склад_1-3'!$L$6 -> 200704
B21: =SUM(B18:B20) -> 188 | C21: =SUM(C18:C20) -> 300544
B22: ='Склад_1-3'!$B$7 -> 11 | C22: ='Склад_1-3'!$C$7 -> 4400
B23: ='Склад_1-3'!$G$7 -> 99 | C23: ='Склад_1-3'!$H$7 -> 89100
B24: ='Склад_1-3'!$K$7 -> 69 | C24: ='Склад_1-3'!$L$7 -> 3450
B25: =SUM(B22:B24) -> 179 | C25: =SUM(C22:C24) -> 96950

Sheet Склад1
A1: Наимненование Товара | B1: Количество | C1: Стоимость
A2: Кепка с котом | B2: 5 | C2: =B2*123 -> 615
A3: Футболка с обезьянкой | B3: 56 | C3: =B3*450 -> 25200
A4: Футболка с машинкой | B4: 24 | C4: =B4*550 -> 13200
A5: Толстовка с сердечком | B5: 14 | C5: =B5*510 -> 7140
A6: Свитер для гиков | B6: 83 | C6: =B6*512 -> 42496
A7: Баксетбольная майка | B7: 11 | C7: =B7*400 -> 4400

Sheet Склад2
A1: Наимненование Товара | B1: Количество | C1: Стоимость
A2: Кепка с котом | B2: 55 | C2: =B2*200 -> 11000
A3: Футболка с обезьянкой | B3: 15 | C3: =B3*600 -> 9000
A4: Футболка с машинкой | B4: 28 | C4: =B4*700 -> 19600
A5: Толстовка с сердечком | B5: 45 | C5: =B5*700 -> 31500
A6: Свитер для гиков | B6: 56 | C6: =B6*1024 -> 57344
A7: Баксетбольная майка | B7: 99 | C7: =B7*900 -> 89100

Sheet Склад3
A1: Наимненование Товара | B1: Количество | C1: Стоимость
A2: Кепка с котом | B2: 120 | C2: =B2*100 -> 12000
A3: Футболка с обезьянкой | B3: 98 | C3: =B3*200 -> 19600
A4: Футболка с машинкой | B4: 76 | C4: =B4*250 -> 19000
A5: Толстовка с сердечком | B5: 54 | C5: =B5*3000 -> 162000
A6: Свитер для гиков | B6: 49 | C6: =B6*4096 -> 200704
A7: Баксетбольная майка | B7: 69 | C7: =B7*50 -> 3450

Sheet Склад_1-3
A1: Наимненование Товара | B1: Количество | C1: Стоимость | F1: Наимненование Товара | G1: Количество | H1: Стоимость | K1: Количество | L1: Стоимость | M1: Наимненование Товара
A2: Кепка с котом | B2: 5 | C2: =B2*123 -> 615 | F2: Кепка с котом | G2: 55 | H2: =G2*200 -> 11000 | K2: 120 | L2: =K2*100 -> 12000 | M2: Кепка с котом
A3: Футболка с обезьянкой | B3: 56 | C3: =B3*450 -> 25200 | F3: Футболка с обезьянкой | G3: 15 | H3: =G3*600 -> 9000 | K3: 98 | L3: =K3*200 -> 19600 | M3: Футболка с обезьянкой
A4: Футболка с машинкой | B4: 24 | C4: =B4*550 -> 13200 | F4: Футболка с машинкой | G4: 28 | H4: =G4*700 -> 19600 | K4: 76 | L4: =K4*250 -> 19000 | M4: Футболка с машинкой
A5: Толстовка с сердечком | B5: 14 | C5: =B5*510 -> 7140 | F5: Толстовка с сердечком | G5: 45 | H5: =G5*700 -> 31500 | K5: 54 | L5: =K5*3000 -> 162000 | M5: Толстовка с сердечком
A6: Свитер для гиков | B6: 83 | C6: =B6*512 -> 42496 | F6: Свитер для гиков | G6: 56 | H6: =G6*1024 -> 57344 | K6: 49 | L6: =K6*4096 -> 200704 | M6: Свитер для гиков
A7: Баксетбольная майка | B7: 11 | C7: =B7*400 -> 4400 | F7: Баксетбольная майка | G7: 99 | H7: =G7*900 -> 89100 | K7: 69 | L7: =K7*50 -> 3450 | M7: Баксетбольная майка

Sheet Задание_4
A1: Дата | B1: Поставщик | C1: Товар | D1: Цена | E1: Количество | F1: Сумма
A2: 44945 | B2: ООО "Вита" | C2: апельсины | D2: 200 | E2: 30 | F2: 6000
A3: 44946 | B3: ООО "Вита" | C3: бананы | D3: 150 | E3: 30 | F3: 4500
A4: 44947 | B4: ЧП Петров | C4: абрикосы | D4: 120 | E4: 10 | F4: 1200
A5: 44947 | B5: ЧП Петров | C5: киви | D5: 145 | E5: 50 | F5: 7250
A6: 44948 | B6: ОАО Агро | C6: картофель | D6: 75 | E6: 120 | F6: 9000
A7: 44948 | B7: ОАО Агро | C7: лук | D7: 45 | E7: 2 | F7: 90
A8: 44948 | B8: ОАО Агро | C8: капуста | D8: 50 | E8: 40 | F8: 2000
A9: 44950 | B9: ООО "Вита" | C9: апельсины | D9: 180 | E9: 20 | F9: 3600
A10: 44950 | B10: ООО "Вита" | C10: бананы | D10: 135 | E10: 15 | F10: 2025
A11: 44950 | B11: ОАО Агро | C11: картофель | D11: 80 | E11: 70 | F11: 5600
A12: 44950 | B12: ОАО Агро | C12: лук | D12: 50 | E12: 1 | F12: 50

Sheet Таблица_1
A1: Названия строк | B1: Сумма по полю Цена | C1: Сумма по полю Сумма
A2: 44945 | B2: 200 | C2: 6000
A3: 44946 | B3: 150 | C3: 4500
A4: 44947 | B4: 265 | C4: 8450
A5: 44948 | B5: 170 | C5: 11090
A6: 44950 | B6: 445 | C6: 11275
A7: Общий итог | B7: 1230 | C7: 41315

Sheet Таблица_2
A1: Дата | B1: (Все)
A3: Названия строк | B3: Сумма по полю Сумма
A4: абрикосы | B4: 1200
A5: 120 | B5: 1200
A6: апельсины | B6: 9600
A7: 180 | B7: 3600
A8: 200 | B8: 6000
A9: бананы | B9: 6525
A10: 135 | B10: 2025
A11: 150 | B11: 4500
A12: капуста | B12: 2000
A13: 50 | B13: 2000
A14: картофель | B14: 14600
A15: 75 | B15: 9000
A16: 80 | B16: 5600
A17: киви | B17: 7250
A18: 145 | B18: 7250
A19: лук | B19: 140
A20: 45 | B20: 90
A21: 50 | B21: 50
A22: Общий итог | B22: 41315

Sheet Таблица_3
A1: Названия строк | B1: Сумма по полю Количество
A2: ОАО Агро | B2: 233
A3: капуста | B3: 40
A4: картофель | B4: 190
A5: лук | B5: 3
A6: ООО "Вита" | B6: 95
A7: апельсины | B7: 50
A8: бананы | B8: 45
A9: ЧП Петров | B9: 60
A10: абрикосы | B10: 10
A11: киви | B11: 50
A12: Общий итог | B12: 388

Sheet Таблица_4
A1: Сумма по полю Количество | B1: Названия столбцов
A2: Названия строк | B2: ОАО Агро | C2: ООО "Вита" | D2: ЧП Петров | E2: Общий итог
A3: абрикосы | D3: 10 | E3: 10
A4: апельсины | C4: 50 | E4: 50
A5: бананы | C5: 45 | E5: 45
A6: капуста | B6: 40 | E6: 40
A7: картофель | B7: 190 | E7: 190
A8: киви | D8: 50 | E8: 50
A9: лук | B9: 3 | E9: 3
A10: Общий итог | B10: 233 | C10: 95 | D10: 60 | E10: 388

Sheet Таблица_5
A1: Сумма по полю Количество | B1: Поставщик
A2: Товар | B2: ОАО Агро | C2: ООО "Вита" | D2: ЧП Петров | E2: Общий итог
A3: абрикосы | D3: 10 | E3: 10
A4: апельсины | C4: 50 | E4: 50
A5: бананы | C5: 45 | E5: 45
A6: капуста | B6: 40 | E6: 40
A7: картофель | B7: 190 | E7: 190
A8: киви | D8: 50 | E8: 50
A9: лук | B9: 3 | E9: 3
A10: Общий итог | B10: 233 | C10: 95 | D10: 60 | E10: 388
